user_input,response,reference,retrieved_contexts
"""TC-001: Testing that BIM
 Resources' elements are 
working""",P1,"User should be redirected to the
 “BIM Resources page” upon clicking
 the BIM Resources button.",[]
"TC-002: Checking valid
 Submission Validation
 with Pool And Spa",P1,"The user should be able to fill out all required fields with valid data and successfully submit the form. A confirmation or success message should appear, or the user should be redirected to a confirmation page (depending on the application’s design).",[]
"TC-003: Heating and 
Cooling Page - Residential
: Text contains the header",P2,"The page should display the correct header text ( “Rheem Residential Heating and Cooling Products.”), confirming successful navigation.",[]
TC-004: Broken Image Test,P2,All images on the Product Sizing page should load correctly without any broken or missing images,['Go to rheem.com Click on the Products button  Click on the Commercial button Click on the Project Sizing button Verify all images on the page are valid (no broken links or missing images)']
TC-005 : Navigate to the Commercial Product Sizing Page on the Rheem Website,P2 ,The user is successfully directed to the Commercial Product Sizing page. The click action on the “Product Sizing” link should be functional and responsive.,[]
TC006: Verifying Privacy Policy Link,P1,"The Privacy Notice page opens
The URL of the page should be https://www.rheem.com/legal/
The page should display the heading ""Privacy Notice"" and the subheading ""Rheem Manufacturing Company Privacy Notice""",[]
TC-007:Verify Page URL,P3,"URL should be
 ""https://www.rheem.com/
products/commercial/heating-and-
cooling/""",[]
TC-008:Validate Image Links	,P3,All images should have valid links and correct sizes,[]
TC-009:Verify Tankless Heater Link	,P1,Link should be visible and redirect correctly,[]
TC-010:Verify Page Navigation	,P1,User should be redirected to Water Heating Page,[]
TC-011:Broken Images Test	,P2,All images should be valid (not broken),[]
TC-012:Validate Intro Text	,P2,Intro text should be correct,[]
TC-013:Verify Contact Us Button	,P1,User should be redirected to the Contact Rheem page,[]
 TC-014: Verify the title of the Water Heating Commercial page,P1,The title of the Water Heating Commercial page should be displayed correctly.,[]
TC-015: Check the left panel products name Water Heating Commercial page,P1,All product names in the left panel should be correctly listed and match the expected values.,[]
TC-016: Verify the ribbon headers on the Water Heating Commercial page,P2 ,All ribbon headers should be displayed correctly and contain the expected text.,[]
TC-017: Test correct page is opened,P1,The user should be successfully redirected to the Water Heating page.,[]
TC-018: Tankless Water Heaters detail viewing,P2 ,The user should see the detailed page of Tankless Water Heaters.,[]
TC-019: Test hyperlinked text 'Gas Water Heaters' is clickable,P2 ,The user should be successfully redirected to the Gas Water Heaters page.,[]
TC-020: Testing the Clickability of Sub-Menus under 'Water Heating' Menu,P1,All sub-menus under 'Water Heating' should be clickable and functional.,[]
TC-021: Test Rheem Residential Water Heaters header is visible,P2 ,"The Rheem Residential Water
 Heaters header should be visible.",[]
TC-022: Verify Main Title on Commercial Project Sizing Page,P2 ,The main title should be displayed correctly on the page.,[]
TC-026: Verify Click Action on Commercial Project Sizing Page,P1,Click action should be successfully performed.,[]
TC-027: Verify Revit Files & Install Diagrams Panel Navigation,P1,User should be redirected to the Revit Files page.,[]
TC-028: Verify Multiple BIM Resources Panel Navigations,P2 ,User should be redirected to the BIM Resources page upon multiple clicks.,[]
TC-032: Navigate to the Commercial Resource Center Page,P3,User should be redirected to the Commercial Resource Center page.,[]
TC-033: Verify Commercial Resource Center Header,P2 ,The Commercial Resource Center header should be visible on the page.,[]
TC-034: Broken Image Test on Commercial Resource Center Page,P2 ,All images should be valid and properly displayed on the page.,[]
TC-036: Verify Commercial Resource Center Header,P1,The Commercial Resource Center header should be visible on the page.,[]
TC-037: Broken Image Testing on Commercial Resource Center Page,P2 ,All images should be properly loaded and displayed.,[]
TC-038: Navigate to the Featured Innovations Page,P1,User should be redirected to the Featured Innovations Page.,[]
TC-039: Broken Image Test on Featured Innovations Page,P2 ,All images should be properly loaded and displayed.,[]
TC-040: Verify Product Listing on Featured Innovations Page,P1,All expected products should be displayed correctly on the page.,[]
TC-041: Verify Motto Title on Featured Innovations Page,P3,The motto title should be displayed correctly on the page.,[]
TC-042: Navigate to the Commercial Featured Innovations Page,P2 ,User should be redirected to the Commercial Featured Innovations Page.,[]
TC-043: Verify Title of the Commercial Featured Innovations Page,P2 ,The title should be displayed correctly on the page.,[]
TC-044: Verify Ribbon Headers on the Commercial Featured Innovations Page,P3,Ribbon headers should be correctly displayed with proper texts.,[]
TC-045: Verify Image Links and Sizes on the Commercial Featured Innovations Page,P2 ,"All image links should be valid, and images should have correct sizes.",[]
TC-046: Verify Texts and Titles on the Commercial Featured Innovations Page,P1,"All texts and titles should be correctly displayed, containing appropriate trademarks.",[]
"TC-047: Test Rheem
 Residential Water
 Heaters text is 
visible and true",P2 ,"The Rheem Residential Water
 Heaters text should be
 correctly displayed.",[]
"TC-048: Test Explore 
Products panel's products
and more button are visible",P2 ,"The 'Explore Products' panel 
should show the expected
 products and the more 
button should work.",[]
"TC-049: Testing
 that the correct 
page is opened",P1,"The user should be
successfully redirected
to the commercial resource
 center page.",[]
"TC-050: Main title
test of Warranties Page",P3,"The main title of the page should be
 correct and displayed properly.",[]
"TC-051: Testing 
Register Your
 Product, Your Warranty, and Need Warranty Service Panels' Headers",P3,"The headers of the ""Register Your Product"", ""Your Warranty"", and ""Need Warranty Service"" panels should be correct.",[]
"TC-052: Testing that ""Where's my serial number"" hypertext",P1,"The ""Where's my serial number"" hypertext should open the correct pop-up.",[]
"TC-053: Testing that ""Register Your Product"" Panel's Buttons Lead to Correct Pages",P1,Clicking on each button should correctly redirect to its respective page.,[]
